<?xml version="1.0" encoding="UTF-8"?>
<!DOCTYPE suite SYSTEM "http://testng.org/testng-1.0.dtd">
<suite name="Suite">
	<listeners>
		<listener class-name="com.sepaapi.reports.SepaExtentReports" />
	</listeners>
	<test name="Test" preserve-order="true">
		<classes>
			<class name="com.sepaapi.apitests.sprint1.SepaPostSignUpTest" />
			<class name="com.sepaapi.apitests.sprint1.SepaPostLoginTest" />
			<class name="com.sepaapi.apitests.sprint1.SepaPostUniqueTest" />
			<class name="com.sepaapi.apitests.sprint1.SepaPostUserDetailsTest" />
			<class name="com.sepaapi.apitests.sprint1.SepaGetAllCountriesTest" />
			<class name="com.sepaapi.apitests.sprint1.SepaGetCountryByCountryNameAPITest" />
			<class name="com.sepaapi.apitests.sprint1.SepaGetGenarateAndVerifyOTPTest" />
			<class name="com.sepaapi.apitests.sprint1.SepaGetKYCVerificationTest" />
		</classes>
	</test> <!-- Test -->
</suite> <!-- Suite -->
